<?xml version="1.0" encoding="UTF-8"?>
<!DOCTYPE editor-preferences PUBLIC "-//NetBeans//DTD Editor Preferences 1.0//EN" "http://www.netbeans.org/dtds/EditorPreferences-1_0.dtd">
<editor-preferences>
    <entry javaType="methodvalue" name="identifier-acceptor" xml:space="preserve"><value><![CDATA[org.netbeans.modules.html.editor.HtmlSettingsFactory.getIdentifierAcceptor]]></value></entry>
    <entry javaType="methodvalue" name="indent-hot-chars-acceptor" xml:space="preserve"><value><![CDATA[org.netbeans.modules.editor.java.NbJavaSettingsInitializer.getIndentHotCharsAcceptor]]></value></entry>
</editor-preferences>
